sample	family	pop	super	gender	relationship	project
HG00096	HG00096	GBR	EUR	male	unrel	1kGP
HG00099	HG00099	GBR	EUR	female	unrel	1kGP
HG00100	HG00100	GBR	EUR	female	unrel	1kGP
HG00101	HG00101	GBR	EUR	male	unrel	1kGP
HG00103	HG00103	GBR	EUR	male	unrel	1kGP
HG00106	HG00106	GBR	EUR	female	unrel	1kGP
HG00107	HG00107	GBR	EUR	male	unrel	1kGP
HG00111	HG00111	GBR	EUR	female	unrel	1kGP
HG00114	HG00114	GBR	EUR	male	unrel	1kGP
HG00117	HG00117	GBR	EUR	male	unrel	1kGP
HG00120	HG00120	GBR	EUR	female	unrel	1kGP
HG00123	HG00123	GBR	EUR	female	unrel	1kGP
HG00125	HG00125	GBR	EUR	female	unrel	1kGP
HG00128	HG00128	GBR	EUR	female	unrel	1kGP
HG00129	HG00129	GBR	EUR	male	unrel	1kGP
HG00130	HG00130	GBR	EUR	female	unrel	1kGP
HG00131	HG00131	GBR	EUR	male	unrel	1kGP
HG00133	HG00133	GBR	EUR	female	unrel	1kGP
HG00137	HG00137	GBR	EUR	female	unrel	1kGP
HG00139	HG00139	GBR	EUR	male	unrel	1kGP
HG00141	HG00141	GBR	EUR	male	unrel	1kGP
HG00146	GBR002	GBR	EUR	female	child	1kGP
HG00148	HG00148	GBR	EUR	male	unrel	1kGP
HG00149	HG00149	GBR	EUR	male	unrel	1kGP
HG00157	HG00157	GBR	EUR	male	unrel	1kGP
HG00158	GBR003	GBR	EUR	female	mother	1kGP
HG00159	HG00159	GBR	EUR	male	unrel	1kGP
HG00171	HG00171	FIN	EUR	female	unrel	1kGP
HG00173	HG00173	FIN	EUR	female	unrel	1kGP
HG00188	HG00188	FIN	EUR	male	unrel	1kGP
HG00190	HG00190	FIN	EUR	male	unrel	1kGP
HG00235	HG00235	GBR	EUR	female	unrel	1kGP
HG00242	HG00242	GBR	EUR	male	unrel	1kGP
HG00243	HG00243	GBR	EUR	male	unrel	1kGP
HG00252	HG00252	GBR	EUR	male	unrel	1kGP
HG00254	HG00254	GBR	EUR	female	unrel	1kGP
HG00255	HG00255	GBR	EUR	female	unrel	1kGP
HG00258	HG00258	GBR	EUR	female	unrel	1kGP
HG00261	HG00261	GBR	EUR	female	unrel	1kGP
HG00268	HG00268	FIN	EUR	female	unrel	1kGP
HG00269	HG00269	FIN	EUR	female	unrel	1kGP
HG00271	HG00271	FIN	EUR	male	unrel	1kGP
HG00273	HG00273	FIN	EUR	male	unrel	1kGP
HG00274	HG00274	FIN	EUR	female	unrel	1kGP
HG00278	HG00278	FIN	EUR	male	unrel	1kGP
HG00282	HG00282	FIN	EUR	female	unrel	1kGP
HG00284	HG00284	FIN	EUR	male	unrel	1kGP
HG00311	HG00311	FIN	EUR	male	unrel	1kGP
HG00313	HG00313	FIN	EUR	female	unrel	1kGP
HG00315	HG00315	FIN	EUR	female	unrel	1kGP
HG00321	HG00321	FIN	EUR	male	unrel	1kGP
HG00323	HG00323	FIN	EUR	female	unrel	1kGP
HG00324	HG00324	FIN	EUR	female	unrel	1kGP
HG00325	HG00325	FIN	EUR	male	unrel	1kGP
HG00334	HG00334	FIN	EUR	female	unrel	1kGP
HG00335	HG00335	FIN	EUR	male	unrel	1kGP
HG00336	HG00336	FIN	EUR	male	unrel	1kGP
HG00338	HG00338	FIN	EUR	male	unrel	1kGP
HG00342	HG00342	FIN	EUR	male	unrel	1kGP
HG00346	HG00346	FIN	EUR	female	unrel	1kGP
HG00349	HG00349	FIN	EUR	female	unrel	1kGP
HG00357	HG00357	FIN	EUR	female	unrel	1kGP
HG00360	HG00360	FIN	EUR	male	unrel	1kGP
HG00361	HG00361	FIN	EUR	female	unrel	1kGP
HG00365	HG00365	FIN	EUR	female	unrel	1kGP
HG00367	HG00367	FIN	EUR	female	unrel	1kGP
HG00368	HG00368	FIN	EUR	female	unrel	1kGP
HG00378	HG00378	FIN	EUR	female	unrel	1kGP
HG00381	HG00381	FIN	EUR	female	unrel	1kGP
HG00404	SH001	CHS	EAS	female	mother	1kGP
HG00407	SH002	CHS	EAS	female	mother	1kGP
HG00409	SH003	CHS	EAS	male	father	1kGP
HG00419	SH006	CHS	EAS	female	mother	1kGP
HG00436	SH012	CHS	EAS	male	father	1kGP
HG00442	SH014	CHS	EAS	male	father	1kGP
HG00443	SH014	CHS	EAS	female	mother	1kGP
HG00446	SH015	CHS	EAS	female	mother	1kGP
HG00449	SH016	CHS	EAS	female	mother	1kGP
HG00452	SH017	CHS	EAS	female	mother	1kGP
HG00464	SH021	CHS	EAS	female	mother	1kGP
HG00472	SH024	CHS	EAS	male	father	1kGP
HG00475	SH025	CHS	EAS	male	father	1kGP
HG00479	SH026	CHS	EAS	female	mother	1kGP
HG00513	SH032	CHS	EAS	female	mother	1kGP
HG00530	SH038	CHS	EAS	male	father	1kGP
HG00537	SH040	CHS	EAS	female	mother	1kGP
HG00551	PR01	PUR	AMR	female	mother	1kGP
HG00565	SH048	CHS	EAS	male	father	1kGP
HG00566	SH048	CHS	EAS	female	mother	1kGP
HG00583	SH054	CHS	EAS	male	father	1kGP
HG00584	SH054	CHS	EAS	female	mother	1kGP
HG00589	SH056	CHS	EAS	male	father	1kGP
HG00596	SH058	CHS	EAS	female	mother	1kGP
HG00607	SH062	CHS	EAS	male	father	1kGP
HG00608	SH062	CHS	EAS	female	mother	1kGP
HG00610	SH063	CHS	EAS	male	father	1kGP
HG00619	SH066	CHS	EAS	male	father	1kGP
HG00622	SH067	CHS	EAS	male	father	1kGP
HG00626	SH068	CHS	EAS	female	mother	1kGP
HG00632	SH070	CHS	EAS	female	mother	1kGP
HG00634	SH071	CHS	EAS	male	father	1kGP
HG00637	PR03	PUR	AMR	male	father	1kGP
HG00641	PR04	PUR	AMR	female	mother	1kGP
HG00650	SH072	CHS	EAS	male	father	1kGP
HG00651	SH072	CHS	EAS	female	mother	1kGP
HG00657	SH074	CHS	EAS	female	mother	1kGP
HG00684	SH083	CHS	EAS	female	mother	1kGP
HG00692	SH086	CHS	EAS	male	father	1kGP
HG00717	SH094	CHS	EAS	female	mother	1kGP
HG00731	PR05	PUR	AMR	male	father	1kGP
HG00736	PR07	PUR	AMR	male	father	1kGP
HG00737	PR07	PUR	AMR	female	mother	1kGP
HG00739	PR09	PUR	AMR	male	father	1kGP
HG00740	PR09	PUR	AMR	female	mother	1kGP
HG00759	HG00759	CDX	EAS	female	unrel	1kGP
HG00766	HG00766	CDX	EAS	female	unrel	1kGP
HG00844	HG00844	CDX	EAS	male	unrel	1kGP
HG00881	HG00881	CDX	EAS	male	unrel	1kGP
HG00982	HG00982	CDX	EAS	male	unrel	1kGP
HG01028	HG01028	CDX	EAS	male	unrel	1kGP
HG01047	PR06	PUR	AMR	male	father	1kGP
HG01048	PR08	PUR	AMR	male	father	1kGP
HG01054	PR12	PUR	AMR	male	father	1kGP
HG01055	PR12	PUR	AMR	female	mother	1kGP
HG01058	PR13	PUR	AMR	female	mother	1kGP
HG01060	PR14	PUR	AMR	male	father	1kGP
HG01066	PR16	PUR	AMR	male	father	1kGP
HG01072	PR18	PUR	AMR	male	father	1kGP
HG01073	PR18	PUR	AMR	female	mother	1kGP
HG01085	PR26	PUR	AMR	male	father	1kGP
HG01086	PR26	PUR	AMR	female	mother	1kGP
HG01089	PR27	PUR	AMR	female	mother	1kGP
HG01101	PR19	PUR	AMR	male	father	1kGP
HG01102	PR19	PUR	AMR	female	mother	1kGP
HG01104	PR25	PUR	AMR	male	father	1kGP
HG01107	PR33	PUR	AMR	male	father	1kGP
HG01108	PR33	PUR	AMR	female	mother	1kGP
HG01119	CLM01	CLM	AMR	female	mother	1kGP
HG01121	CLM02	CLM	AMR	male	father	1kGP
HG01124	CLM04	CLM	AMR	male	father	1kGP
HG01130	CLM06	CLM	AMR	male	father	1kGP
HG01131	CLM06	CLM	AMR	female	mother	1kGP
HG01133	CLM07	CLM	AMR	male	father	1kGP
HG01134	CLM07	CLM	AMR	female	mother	1kGP
HG01136	CLM08	CLM	AMR	male	father	1kGP
HG01137	CLM08	CLM	AMR	female	mother	1kGP
HG01142	CLM10	CLM	AMR	male	father	1kGP
HG01148	CLM12	CLM	AMR	male	father	1kGP
HG01167	PR39	PUR	AMR	male	father	1kGP
HG01168	PR39	PUR	AMR	female	mother	1kGP
HG01174	PR36	PUR	AMR	female	mother	1kGP
HG01187	PR38	PUR	AMR	male	father	1kGP
HG01188	PR38	PUR	AMR	female	mother	1kGP
HG01197	PR46	PUR	AMR	male	father	1kGP
HG01198	PR46	PUR	AMR	female	mother	1kGP
HG01241	PR22	PUR	AMR	male	father	1kGP
HG01242	PR22	PUR	AMR	female	mother	1kGP
HG01256	CLM16	CLM	AMR	male	father	1kGP
HG01257	CLM16	CLM	AMR	female	mother	1kGP
HG01259	CLM17	CLM	AMR	male	father	1kGP
HG01269	CLM20	CLM	AMR	female	mother	1kGP
HG01275	CLM22	CLM	AMR	female	mother	1kGP
HG01284	CLM25	CLM	AMR	female	mother	1kGP
HG01286	PR58	PUR	AMR	male	father	1kGP
HG01302	PR59	PUR	AMR	male	father	1kGP
HG01308	PR62	PUR	AMR	male	father	1kGP
HG01311	PR63	PUR	AMR	male	father	1kGP
HG01341	CLM26	CLM	AMR	male	father	1kGP
HG01344	CLM27	CLM	AMR	male	father	1kGP
HG01345	CLM27	CLM	AMR	female	mother	1kGP
HG01348	CLM28	CLM	AMR	female	mother	1kGP
HG01356	CLM31	CLM	AMR	male	father	1kGP
HG01362	CLM33	CLM	AMR	male	father	1kGP
HG01366	CLM34	CLM	AMR	female	mother	1kGP
HG01375	CLM37	CLM	AMR	female	mother	1kGP
HG01377	CLM38	CLM	AMR	male	father	1kGP
HG01384	CLM40	CLM	AMR	female	mother	1kGP
HG01389	CLM42	CLM	AMR	male	father	1kGP
HG01390	CLM42	CLM	AMR	female	mother	1kGP
HG01392	PR70	PUR	AMR	male	father	1kGP
HG01396	PR71	PUR	AMR	female	mother	1kGP
HG01398	PR72	PUR	AMR	male	father	1kGP
HG01412	PR76	PUR	AMR	male	father	1kGP
HG01447	CLM48	CLM	AMR	female	mother	1kGP
HG01455	CLM51	CLM	AMR	male	father	1kGP
HG01464	CLM54	CLM	AMR	male	father	1kGP
HG01465	CLM54	CLM	AMR	female	mother	1kGP
HG01474	CLM57	CLM	AMR	female	mother	1kGP
HG01479	CLM59	CLM	AMR	male	father	1kGP
HG01489	CLM62	CLM	AMR	female	mother	1kGP
HG01492	CLM63	CLM	AMR	female	mother	1kGP
HG01494	CLM64	CLM	AMR	male	father	1kGP
HG01500	IBS001	IBS	EUR	male	father	1kGP
HG01504	IBS002	IBS	EUR	female	mother	1kGP
HG01506	IBS003	IBS	EUR	male	father	1kGP
HG01507	IBS003	IBS	EUR	female	mother	1kGP
HG01509	IBS004	IBS	EUR	male	father	1kGP
HG01512	IBS005	IBS	EUR	male	father	1kGP
HG01513	IBS005	IBS	EUR	female	mother	1kGP
HG01518	IBS007	IBS	EUR	male	father	1kGP
HG01519	IBS007	IBS	EUR	female	mother	1kGP
HG01525	IBS009	IBS	EUR	female	mother	1kGP
HG01527	IBS010	IBS	EUR	male	father	1kGP
HG01530	IBS011	IBS	EUR	male	father	1kGP
HG01550	CLM66	CLM	AMR	male	father	1kGP
HG01551	CLM66	CLM	AMR	female	mother	1kGP
HG01566	PEL001	PEL	AMR	female	mother	1kGP
HG01571	PEL003	PEL	AMR	male	father	1kGP
HG01572	PEL003	PEL	AMR	female	mother	1kGP
HG01577	PEL005	PEL	AMR	male	father	1kGP
HG01578	PEL005	PEL	AMR	female	mother	1kGP
HG01583	PK02	PJL	SAS	male	father	1kGP
HG01586	PK03	PJL	SAS	male	father	1kGP
HG01589	PK04	PJL	SAS	male	father	1kGP
HG01595	VN001	KHV	EAS	female	unrel	1kGP
HG01596	VN002	KHV	EAS	male	unrel	1kGP
HG01597	VN003	KHV	EAS	female	unrel	1kGP
HG01598	VN004	KHV	EAS	female	unrel	1kGP
HG01600	VN006	KHV	EAS	female	unrel	1kGP
HG01602	IBS024	IBS	EUR	female	mother	1kGP
HG01605	IBS023	IBS	EUR	female	mother	1kGP
HG01606	IBS023	IBS	EUR	male	father	1kGP
HG01608	IBS022	IBS	EUR	male	father	1kGP
HG01612	IBS021	IBS	EUR	female	mother	1kGP
HG01617	IBS019	IBS	EUR	male	father	1kGP
HG01626	IBS016	IBS	EUR	female	mother	1kGP
HG01630	IBS015	IBS	EUR	male	father	1kGP
HG01673	IBS027	IBS	EUR	female	mother	1kGP
HG01676	IBS028	IBS	EUR	female	mother	1kGP
HG01678	IBS028	IBS	EUR	male	father	1kGP
HG01680	IBS029	IBS	EUR	male	father	1kGP
HG01684	IBS030	IBS	EUR	female	mother	1kGP
HG01694	IBS034	IBS	EUR	male	father	1kGP
HG01699	IBS035	IBS	EUR	male	father	1kGP
HG01700	IBS036	IBS	EUR	male	father	1kGP
HG01756	IBS044	IBS	EUR	male	father	1kGP
HG01765	IBS047	IBS	EUR	male	father	1kGP
HG01766	IBS047	IBS	EUR	female	mother	1kGP
HG01773	IBS050	IBS	EUR	female	mother	1kGP
HG01776	IBS051	IBS	EUR	female	mother	1kGP
HG01779	IBS052	IBS	EUR	female	mother	1kGP
HG01786	IBS054	IBS	EUR	female	mother	1kGP
HG01789	HG01789	GBR	EUR	male	unrel	1kGP
HG01791	HG01791	GBR	EUR	male	unrel	1kGP
HG01794	HG01794	CDX	EAS	female	unrel	1kGP
HG01796	HG01796	CDX	EAS	female	unrel	1kGP
HG01798	HG01798	CDX	EAS	female	unrel	1kGP
HG01800	HG01800	CDX	EAS	female	unrel	1kGP
HG01805	HG01805	CDX	EAS	female	unrel	1kGP
HG01806	HG01806	CDX	EAS	female	unrel	1kGP
HG01807	HG01807	CDX	EAS	female	unrel	1kGP
HG01809	HG01809	CDX	EAS	female	unrel	1kGP
HG01813	HG01813	CDX	EAS	female	unrel	1kGP
HG01815	HG01815	CDX	EAS	female	unrel	1kGP
HG01817	HG01817	CDX	EAS	female	unrel	1kGP
HG01840	VN007	KHV	EAS	male	unrel	1kGP
HG01846	VN013	KHV	EAS	male	unrel	1kGP
HG01851	VN018	KHV	EAS	female	unrel	1kGP
HG01853	VN020	KHV	EAS	female	unrel	1kGP
HG01859	VN026	KHV	EAS	female	unrel	1kGP
HG01863	VN030	KHV	EAS	female	unrel	1kGP
HG01865	VN032	KHV	EAS	male	unrel	1kGP
HG01866	VN033	KHV	EAS	male	unrel	1kGP
HG01870	VN037	KHV	EAS	female	unrel	1kGP
HG01871	VN038	KHV	EAS	female	unrel	1kGP
HG01872	VN039	KHV	EAS	male	unrel	1kGP
HG01873	VN040	KHV	EAS	male	unrel	1kGP
HG01879	BB01	ACB	AFR	male	father	1kGP
HG01880	BB01	ACB	AFR	female	mother	1kGP
HG01883	BB02	ACB	AFR	female	mother	1kGP
HG01890	BB05	ACB	AFR	male	father	1kGP
HG01894	BB06	ACB	AFR	female	mother	1kGP
HG01896	BB07	ACB	AFR	female	mother	1kGP
HG01915	BB09	ACB	AFR	female	mother	1kGP
HG01917	PEL006	PEL	AMR	male	father	1kGP
HG01918	PEL006	PEL	AMR	female	mother	1kGP
HG01923	PEL010	PEL	AMR	male	father	1kGP
HG01932	PEL013	PEL	AMR	male	father	1kGP
HG01933	PEL013	PEL	AMR	female	mother	1kGP
HG01935	PEL014	PEL	AMR	male	father	1kGP
HG01939	PEL015	PEL	AMR	female	mother	1kGP
HG01942	PEL016	PEL	AMR	female	mother	1kGP
HG01945	PEL017	PEL	AMR	female	mother	1kGP
HG01947	PEL018	PEL	AMR	male	father	1kGP
HG01948	PEL018	PEL	AMR	female	mother	1kGP
HG01950	PEL019	PEL	AMR	male	father	1kGP
HG01951	PEL019	PEL	AMR	female	mother	1kGP
HG01953	PEL020	PEL	AMR	male	father	1kGP
HG01961	PEL21	PEL	AMR	male	father	1kGP
HG01965	PEL22	PEL	AMR	female	mother	1kGP
HG01967	PEL023	PEL	AMR	male	father	1kGP
HG01971	PEL024	PEL	AMR	female	mother	1kGP
HG01977	PEL26	PEL	AMR	male	father	1kGP
HG01982	PEL28	PEL	AMR	male	father	1kGP
HG01985	BB08	ACB	AFR	female	unrel	1kGP
HG01988	BB11	ACB	AFR	male	father	1kGP
HG01990	BB12	ACB	AFR	male	father	1kGP
HG01991	PEL29	PEL	AMR	male	father	1kGP
HG01992	PEL29	PEL	AMR	female	mother	1kGP
HG01997	PEL31	PEL	AMR	female	mother	1kGP
HG02003	PEL33	PEL	AMR	female	mother	1kGP
HG02006	PEL34	PEL	AMR	female	child	1kGP
HG02009	BB13	ACB	AFR	male	father	1kGP
HG02010	BB13	ACB	AFR	female	mother	1kGP
HG02012	BB12	ACB	AFR	female	mother	1kGP
HG02013	BB07	ACB	AFR	male	father	1kGP
HG02014	BB04	ACB	AFR	male	father	1kGP
HG02016	VN046	KHV	EAS	female	mother	1kGP
HG02017	VN046	KHV	EAS	male	father	1kGP
HG02020	VN047	KHV	EAS	male	father	1kGP
HG02031	VN051	KHV	EAS	female	mother	1kGP
HG02053	BB15	ACB	AFR	male	father	1kGP
HG02058	VN060	KHV	EAS	male	father	1kGP
HG02060	VN061	KHV	EAS	female	mother	1kGP
HG02064	VN062	KHV	EAS	male	unrel	1kGP
HG02067	VN063	KHV	EAS	male	unrel	1kGP
HG02069	VN064	KHV	EAS	female	mother	1kGP
HG02072	VN065	KHV	EAS	female	mother	1kGP
HG02079	VN067	KHV	EAS	male	father	1kGP
HG02081	VN068	KHV	EAS	female	mother	1kGP
HG02082	VN068	KHV	EAS	male	father	1kGP
HG02087	VN071	KHV	EAS	female	unrel	1kGP
HG02089	PEL35	PEL	AMR	female	mother	1kGP
HG02095	BB16	ACB	AFR	female	unrel	1kGP
HG02105	PEL38	PEL	AMR	female	mother	1kGP
HG02107	BB18	ACB	AFR	male	unrel	1kGP
HG02111	BB19	ACB	AFR	female	unrel	1kGP
HG02116	VN074	KHV	EAS	male	unrel	1kGP
HG02121	VN076	KHV	EAS	female	mother	1kGP
HG02128	VN078	KHV	EAS	male	father	1kGP
HG02130	VN079	KHV	EAS	female	mother	1kGP
HG02133	VN080	KHV	EAS	female	mother	1kGP
HG02136	VN081	KHV	EAS	female	mother	1kGP
HG02137	VN081	KHV	EAS	male	father	1kGP
HG02138	VN082	KHV	EAS	male	unrel	1kGP
HG02139	VN083	KHV	EAS	female	unrel	1kGP
HG02143	BB20	ACB	AFR	male	father	1kGP
HG02144	BB20	ACB	AFR	female	mother	1kGP
HG02146	PEL39	PEL	AMR	male	father	1kGP
HG02152	HG02152	CDX	EAS	female	unrel	1kGP
HG02153	HG02153	CDX	EAS	female	unrel	1kGP
HG02154	HG02154	CDX	EAS	female	unrel	1kGP
HG02155	HG02155	CDX	EAS	female	unrel	1kGP
HG02156	HG02156	CDX	EAS	female	unrel	1kGP
HG02164	HG02164	CDX	EAS	female	unrel	1kGP
HG02165	HG02165	CDX	EAS	female	unrel	1kGP
HG02178	HG02178	CDX	EAS	female	unrel	1kGP
HG02180	HG02180	CDX	EAS	female	unrel	1kGP
HG02182	HG02182	CDX	EAS	female	unrel	1kGP
HG02184	HG02184	CDX	EAS	female	unrel	1kGP
HG02223	IBS057	IBS	EUR	female	mother	1kGP
HG02224	IBS057	IBS	EUR	male	father	1kGP
HG02231	IBS059	IBS	EUR	male	father	1kGP
HG02238	IBS062	IBS	EUR	male	father	1kGP
HG02239	IBS062	IBS	EUR	female	mother	1kGP
HG02250	HG02250	CDX	EAS	male	unrel	1kGP
HG02253	PEL41	PEL	AMR	male	father	1kGP
HG02265	PEL44	PEL	AMR	male	father	1kGP
HG02266	PEL44	PEL	AMR	female	mother	1kGP
HG02271	PEL46	PEL	AMR	male	father	1kGP
HG02274	PEL47	PEL	AMR	male	father	1kGP
HG02275	PEL47	PEL	AMR	female	mother	1kGP
HG02277	PEL48	PEL	AMR	male	father	1kGP
HG02283	BB25	ACB	AFR	male	unrel	1kGP
HG02284	BB26	ACB	AFR	male	unrel	1kGP
HG02285	PEL49	PEL	AMR	male	father	1kGP
HG02291	PEL51	PEL	AMR	male	father	1kGP
HG02292	PEL51	PEL	AMR	female	mother	1kGP
HG02307	BB23	ACB	AFR	male	father	1kGP
HG02308	BB23	ACB	AFR	female	mother	1kGP
HG02309	BB25	ACB	AFR	female	unrel	1kGP
HG02314	BB22	ACB	AFR	male	father	1kGP
HG02318	BB27	ACB	AFR	female	mother	1kGP
HG02325	BB30	ACB	AFR	female	unrel	1kGP
HG02332	BB16	ACB	AFR	male	unrel	1kGP
HG02337	BB31	ACB	AFR	female	unrel	1kGP
HG02364	HG02364	CDX	EAS	male	unrel	1kGP
HG02367	HG02367	CDX	EAS	male	unrel	1kGP
HG02382	HG02382	CDX	EAS	male	unrel	1kGP
HG02384	HG02384	CDX	EAS	male	unrel	1kGP
HG02390	HG02390	CDX	EAS	male	unrel	1kGP
HG02402	HG02402	CDX	EAS	male	unrel	1kGP
HG02410	HG02410	CDX	EAS	male	unrel	1kGP
HG02420	BB37	ACB	AFR	male	father	1kGP
HG02429	BB39	ACB	AFR	male	unrel	1kGP
HG02442	BB43	ACB	AFR	male	unrel	1kGP
HG02445	BB44	ACB	AFR	male	unrel	1kGP
HG02455	BB48	ACB	AFR	male	father	1kGP
HG02477	BB52	ACB	AFR	female	mother	1kGP
HG02485	BB55	ACB	AFR	female	mother	1kGP
HG02490	PK06	PJL	SAS	male	father	1kGP
HG02493	PK07	PJL	SAS	male	father	1kGP
HG02494	PK07	PJL	SAS	female	mother	1kGP
HG02496	BB57	ACB	AFR	male	unrel	1kGP
HG02521	VN090	KHV	EAS	male	father	1kGP
HG02522	VN090	KHV	EAS	female	mother	1kGP
HG02545	BB64	ACB	AFR	male	father	1kGP
HG02546	BB64	ACB	AFR	female	mother	1kGP
HG02554	BB67	ACB	AFR	male	father	1kGP
HG02558	BB68	ACB	AFR	female	mother	1kGP
HG02561	GB18	GWD	AFR	male	father	1kGP
HG02562	GB18	GWD	AFR	female	mother	1kGP
HG02568	GB20	GWD	AFR	female	mother	1kGP
HG02573	GB22	GWD	AFR	male	father	1kGP
HG02577	BB69	ACB	AFR	female	mother	1kGP
HG02580	BB70	ACB	AFR	female	mother	1kGP
HG02582	GB23	GWD	AFR	male	father	1kGP
HG02585	GB24	GWD	AFR	male	father	1kGP
HG02588	GB25	GWD	AFR	male	father	1kGP
HG02595	GB27	GWD	AFR	female	mother	1kGP
HG02597	PK08	PJL	SAS	male	father	1kGP
HG02600	PK09	PJL	SAS	male	father	1kGP
HG02604	PK10	PJL	SAS	female	mother	1kGP
HG02611	GB28	GWD	AFR	female	mother	1kGP
HG02634	GB35	GWD	AFR	male	father	1kGP
HG02635	GB35	GWD	AFR	female	mother	1kGP
HG02643	GB37	GWD	AFR	female	mother	1kGP
HG02657	PK14	PJL	SAS	male	father	1kGP
HG02661	PK15	PJL	SAS	female	mother	1kGP
HG02678	GB44	GWD	AFR	male	father	1kGP
HG02679	GB44	GWD	AFR	female	mother	1kGP
HG02681	PK16	PJL	SAS	male	father	1kGP
HG02684	PK17	PJL	SAS	male	father	1kGP
HG02685	PK17	PJL	SAS	female	mother	1kGP
HG02687	PK18	PJL	SAS	male	father	1kGP
HG02688	PK18	PJL	SAS	female	mother	1kGP
HG02690	PK19	PJL	SAS	male	father	1kGP
HG02691	PK19	PJL	SAS	female	mother	1kGP
HG02697	PK21	PJL	SAS	female	mother	1kGP
HG02703	GB45	GWD	AFR	female	mother	1kGP
HG02715	GB50	GWD	AFR	male	father	1kGP
HG02721	GB52	GWD	AFR	male	father	1kGP
HG02724	PK23	PJL	SAS	male	father	1kGP
HG02727	PK24	PJL	SAS	male	father	1kGP
HG02728	PK24	PJL	SAS	female	mother	1kGP
HG02737	PK27	PJL	SAS	female	mother	1kGP
HG02768	GB57	GWD	AFR	male	father	1kGP
HG02771	GB58	GWD	AFR	male	father	1kGP
HG02789	PK33	PJL	SAS	male	father	1kGP
HG02793	PK34	PJL	SAS	female	mother	1kGP
HG02805	GB62	GWD	AFR	female	mother	1kGP
HG02836	GB73	GWD	AFR	male	father	1kGP
HG02895	GB93	GWD	AFR	male	father	1kGP
HG02922	NG06	ESN	AFR	female	mother	1kGP
HG02938	NG11	ESN	AFR	male	father	1kGP
HG02943	NG13	ESN	AFR	female	mother	1kGP
HG02944	NG13	ESN	AFR	male	father	1kGP
HG02953	NG16	ESN	AFR	male	father	1kGP
HG02970	NG22	ESN	AFR	female	mother	1kGP
HG02971	NG22	ESN	AFR	male	father	1kGP
HG02976	NG24	ESN	AFR	female	mother	1kGP
HG02982	GB97	GWD	AFR	male	father	1kGP
HG02983	GB97	GWD	AFR	female	mother	1kGP
HG03009	HG03009	BEB	SAS	male	unrel	1kGP
HG03015	PK35	PJL	SAS	male	father	1kGP
HG03016	PK35	PJL	SAS	female	mother	1kGP
HG03019	PK36	PJL	SAS	female	mother	1kGP
HG03024	GB105	GWD	AFR	male	father	1kGP
HG03028	GB106	GWD	AFR	female	mother	1kGP
HG03039	GB110	GWD	AFR	male	father	1kGP
HG03048	GB113	GWD	AFR	male	father	1kGP
HG03052	SL01	MSL	AFR	female	mother	1kGP
HG03057	HG03057	MSL	AFR	male	unrel	1kGP
HG03058	SL03	MSL	AFR	female	mother	1kGP
HG03060	HG03060	MSL	AFR	male	unrel	1kGP
HG03066	SL06	MSL	AFR	male	father	1kGP
HG03073	SL08	MSL	AFR	female	mother	1kGP
HG03074	HG03074	MSL	AFR	male	unrel	1kGP
HG03077	HG03077	MSL	AFR	male	unrel	1kGP
HG03081	SL11	MSL	AFR	male	father	1kGP
HG03085	HG03085	MSL	AFR	female	unrel	1kGP
HG03086	HG03086	MSL	AFR	female	unrel	1kGP
HG03091	SL14	MSL	AFR	female	mother	1kGP
HG03097	SL16	MSL	AFR	female	mother	1kGP
HG03100	NG26	ESN	AFR	male	father	1kGP
HG03103	NG27	ESN	AFR	male	father	1kGP
HG03105	NG28	ESN	AFR	female	mother	1kGP
HG03108	NG29	ESN	AFR	female	mother	1kGP
HG03109	NG29	ESN	AFR	male	father	1kGP
HG03111	NG30	ESN	AFR	female	mother	1kGP
HG03112	NG30	ESN	AFR	male	father	1kGP
HG03114	NG31	ESN	AFR	female	mother	1kGP
HG03115	NG31	ESN	AFR	male	father	1kGP
HG03117	NG32	ESN	AFR	female	mother	1kGP
HG03124	NG34	ESN	AFR	male	father	1kGP
HG03127	NG35	ESN	AFR	male	father	1kGP
HG03130	NG36	ESN	AFR	male	father	1kGP
HG03132	NG37	ESN	AFR	female	mother	1kGP
HG03133	NG37	ESN	AFR	male	father	1kGP
HG03159	NG46	ESN	AFR	female	mother	1kGP
HG03163	NG47	ESN	AFR	male	father	1kGP
HG03172	NG50	ESN	AFR	male	father	1kGP
HG03189	NG56	ESN	AFR	female	mother	1kGP
HG03193	NG57	ESN	AFR	male	father	1kGP
HG03198	NG59	ESN	AFR	female	mother	1kGP
HG03199	NG59	ESN	AFR	male	father	1kGP
HG03212	SL18	MSL	AFR	female	child	1kGP
HG03228	PK38	PJL	SAS	male	father	1kGP
HG03238	PK41	PJL	SAS	female	mother	1kGP
HG03240	GB114	GWD	AFR	male	father	1kGP
HG03241	GB114	GWD	AFR	female	mother	1kGP
HG03247	GB116	GWD	AFR	female	mother	1kGP
HG03258	GB120	GWD	AFR	male	father	1kGP
HG03265	NG63	ESN	AFR	male	father	1kGP
HG03300	NG75	ESN	AFR	female	mother	1kGP
HG03301	NG75	ESN	AFR	male	father	1kGP
HG03303	NG76	ESN	AFR	female	mother	1kGP
HG03311	NG78	ESN	AFR	male	father	1kGP
HG03342	NG89	ESN	AFR	female	mother	1kGP
HG03372	NG99	ESN	AFR	female	mother	1kGP
HG03388	SL28	MSL	AFR	male	father	1kGP
HG03391	SL29	MSL	AFR	male	father	1kGP
HG03394	SL30	MSL	AFR	male	father	1kGP
HG03397	HG03397	MSL	AFR	male	unrel	1kGP
HG03410	SL35	MSL	AFR	female	mother	1kGP
HG03437	HG03437	MSL	AFR	female	unrel	1kGP
HG03439	SL46	MSL	AFR	male	father	1kGP
HG03442	HG03442	MSL	AFR	male	unrel	1kGP
HG03449	SL49	MSL	AFR	female	mother	1kGP
HG03455	SL51	MSL	AFR	female	mother	1kGP
HG03457	HG03457	MSL	AFR	male	unrel	1kGP
HG03461	HG03461	MSL	AFR	female	unrel	1kGP
HG03470	SL56	MSL	AFR	female	mother	1kGP
HG03473	SL57	MSL	AFR	female	mother	1kGP
HG03476	SL58	MSL	AFR	female	mother	1kGP
HG03484	SL61	MSL	AFR	male	father	1kGP
HG03485	SL61	MSL	AFR	female	mother	1kGP
HG03499	NG102	ESN	AFR	female	unrel	1kGP
HG03511	NG106	ESN	AFR	female	mother	1kGP
HG03517	NG108	ESN	AFR	female	mother	1kGP
HG03518	NG108	ESN	AFR	male	father	1kGP
HG03521	NG109	ESN	AFR	male	father	1kGP
HG03539	GB125	GWD	AFR	female	mother	1kGP
HG03548	HG03548	MSL	AFR	female	unrel	1kGP
HG03577	SL72	MSL	AFR	male	father	1kGP
HG03593	BD6	BEB	SAS	male	child	1kGP
HG03595	BD7	BEB	SAS	female	mother	1kGP
HG03598	BD8	BEB	SAS	female	mother	1kGP
HG03600	BD09	BEB	SAS	male	father	1kGP
HG03604	BD10	BEB	SAS	female	mother	1kGP
HG03607	BD11	BEB	SAS	female	mother	1kGP
HG03640	PK51	PJL	SAS	female	mother	1kGP
HG03644	ST004	STU	SAS	male	father	1kGP
HG03645	ST002	STU	SAS	female	mother	1kGP
HG03672	ST008	STU	SAS	male	father	1kGP
HG03673	ST010	STU	SAS	female	mother	1kGP
HG03681	ST011	STU	SAS	male	father	1kGP
HG03686	ST014	STU	SAS	male	father	1kGP
HG03687	ST015	STU	SAS	male	father	1kGP
HG03689	ST017	STU	SAS	female	mother	1kGP
HG03690	ST018	STU	SAS	female	mother	1kGP
HG03695	ST023	STU	SAS	male	father	1kGP
HG03697	ST025	STU	SAS	male	father	1kGP
HG03703	PK60	PJL	SAS	female	mother	1kGP
HG03705	PK61	PJL	SAS	male	father	1kGP
HG03708	PK62	PJL	SAS	male	father	1kGP
HG03709	PK62	PJL	SAS	female	mother	1kGP
HG03711	ST027	STU	SAS	male	father	1kGP
HG03714	IT009	ITU	SAS	female	mother	1kGP
HG03722	IT002	ITU	SAS	female	mother	1kGP
HG03727	IT003	ITU	SAS	male	father	1kGP
HG03729	IT013	ITU	SAS	male	father	1kGP
HG03730	IT011	ITU	SAS	female	mother	1kGP
HG03740	ST038	STU	SAS	male	father	1kGP
HG03741	ST038	STU	SAS	female	mother	1kGP
HG03742	IT015	ITU	SAS	male	father	1kGP
HG03746	ST050	STU	SAS	male	father	1kGP
HG03753	ST054	STU	SAS	male	father	1kGP
HG03756	ST052	STU	SAS	female	mother	1kGP
HG03760	ST058	STU	SAS	female	mother	1kGP
HG03780	IT039	ITU	SAS	female	mother	1kGP
HG03781	IT018	ITU	SAS	female	mother	1kGP
HG03784	IT023	ITU	SAS	female	mother	1kGP
HG03786	IT023	ITU	SAS	male	father	1kGP
HG03792	IT026	ITU	SAS	male	father	1kGP
HG03793	BD15	BEB	SAS	female	mother	1kGP
HG03800	BD17	BEB	SAS	male	father	1kGP
HG03802	BD18	BEB	SAS	female	mother	1kGP
HG03803	BD18	BEB	SAS	male	father	1kGP
HG03805	BD19	BEB	SAS	female	mother	1kGP
HG03809	BD20	BEB	SAS	male	father	1kGP
HG03812	HG03812	BEB	SAS	male	unrel	1kGP
HG03821	BD24	BEB	SAS	male	father	1kGP
HG03824	BD25	BEB	SAS	male	father	1kGP
HG03830	BD27	BEB	SAS	male	father	1kGP
HG03836	ST074	STU	SAS	female	mother	1kGP
HG03837	ST079	STU	SAS	male	father	1kGP
HG03838	ST078	STU	SAS	female	mother	1kGP
HG03844	ST075	STU	SAS	male	father	1kGP
HG03848	ST084	STU	SAS	male	father	1kGP
HG03854	ST094	STU	SAS	male	father	1kGP
HG03856	ST092	STU	SAS	male	father	1kGP
HG03862	IT035	ITU	SAS	female	mother	1kGP
HG03863	IT033	ITU	SAS	female	mother	1kGP
HG03869	IT035	ITU	SAS	male	father	1kGP
HG03870	IT037	ITU	SAS	male	father	1kGP
HG03871	HG03871	ITU	SAS	male	unrel	1kGP
HG03872	IT036	ITU	SAS	male	father	1kGP
HG03882	IT039a	ITU	SAS	female	mother	1kGP
HG03886	ST016	STU	SAS	female	mother	1kGP
HG03888	ST050	STU	SAS	female	mother	1kGP
HG03890	ST110	STU	SAS	male	father	1kGP
HG03894	ST111	STU	SAS	female	mother	1kGP
HG03895	ST107	STU	SAS	female	mother	1kGP
HG03900	ST115	STU	SAS	male	father	1kGP
HG03916	HG03916	BEB	SAS	female	unrel	1kGP
HG03925	BD37	BEB	SAS	female	mother	1kGP
HG03928	BD38	BEB	SAS	female	mother	1kGP
HG03931	BD39	BEB	SAS	female	mother	1kGP
HG03940	BD42	BEB	SAS	female	mother	1kGP
HG03941	BD42	BEB	SAS	male	father	1kGP
HG03947	ST118	STU	SAS	female	mother	1kGP
HG03963	IT042	ITU	SAS	male	father	1kGP
HG03965	IT45	ITU	SAS	male	father	1kGP
HG03968	IT046	ITU	SAS	female	mother	1kGP
HG03973	IT050	ITU	SAS	female	mother	1kGP
HG03976	IT050	ITU	SAS	male	father	1kGP
HG03977	IT047	ITU	SAS	female	mother	1kGP
HG03990	ST142	STU	SAS	male	father	1kGP
HG03999	ST007	STU	SAS	male	child	1kGP
HG04006	ST078	STU	SAS	male	father	1kGP
HG04014	IT059	ITU	SAS	female	mother	1kGP
HG04015	IT060	ITU	SAS	male	father	1kGP
HG04017	IT061	ITU	SAS	male	father	1kGP
HG04018	IT007	ITU	SAS	female	mother	1kGP
HG04020	IT059	ITU	SAS	male	father	1kGP
HG04022	IT062	ITU	SAS	male	father	1kGP
HG04025	IT058	ITU	SAS	female	mother	1kGP
HG04039	ST172	STU	SAS	male	father	1kGP
HG04062	IT182	ITU	SAS	female	mother	1kGP
HG04070	IT45	ITU	SAS	female	mother	1kGP
HG04099	ST203	STU	SAS	female	mother	1kGP
HG04118	IT214	ITU	SAS	female	mother	1kGP
HG04131	BD44	BEB	SAS	male	father	1kGP
HG04140	BD47	BEB	SAS	male	father	1kGP
HG04146	BD49	BEB	SAS	male	father	1kGP
HG04156	BD52	BEB	SAS	female	mother	1kGP
HG04177	BD59	BEB	SAS	female	mother	1kGP
HG04180	BD60	BEB	SAS	female	mother	1kGP
HG04183	BD61	BEB	SAS	female	mother	1kGP
HG04186	BD62	BEB	SAS	female	mother	1kGP
HG04194	BD65	BEB	SAS	male	father	1kGP
HG04198	IT220	ITU	SAS	male	father	1kGP
HG04200	IT220	ITU	SAS	female	mother	1kGP
HG04210	ST186	STU	SAS	male	father	1kGP
HG04227	ST232	STU	SAS	female	mother	1kGP
NA06989	1328	CEU	EUR	female	mother	1kGP
NA07048	1341	CEU	EUR	male	father	1kGP
NA10851	1344	CEU	EUR	male	father	1kGP
NA12878	1463	CEU	EUR	female	ceph	1kGP
NA12889	1463	CEU	EUR	male	ceph	1kGP
NA12890	1463	CEU	EUR	female	ceph	1kGP
NA18498	Y003	YRI	AFR	male	father	1kGP
NA18499	Y003	YRI	AFR	female	mother	1kGP
NA18502	Y004	YRI	AFR	female	mother	1kGP
NA18504	Y005	YRI	AFR	male	father	1kGP
NA18510	Y010a	YRI	AFR	male	unrel	1kGP
NA18516	Y013	YRI	AFR	male	father	1kGP
NA18520	Y014	YRI	AFR	female	mother	1kGP
NA18523	Y016	YRI	AFR	female	mother	1kGP
NA18525	NA18525	CHB	EAS	female	unrel	1kGP
NA18526	NA18526	CHB	EAS	female	unrel	1kGP
NA18528	NA18528	CHB	EAS	female	unrel	1kGP
NA18530	NA18530	CHB	EAS	male	unrel	1kGP
NA18532	NA18532	CHB	EAS	female	unrel	1kGP
NA18537	NA18537	CHB	EAS	female	unrel	1kGP
NA18538	NA18538	CHB	EAS	female	unrel	1kGP
NA18539	NA18539	CHB	EAS	female	unrel	1kGP
NA18544	NA18544	CHB	EAS	male	unrel	1kGP
NA18546	NA18546	CHB	EAS	male	unrel	1kGP
NA18552	NA18552	CHB	EAS	female	unrel	1kGP
NA18553	NA18553	CHB	EAS	female	unrel	1kGP
NA18555	NA18555	CHB	EAS	female	unrel	1kGP
NA18565	NA18565	CHB	EAS	female	unrel	1kGP
NA18566	NA18566	CHB	EAS	female	unrel	1kGP
NA18567	NA18567	CHB	EAS	female	unrel	1kGP
NA18570	NA18570	CHB	EAS	female	unrel	1kGP
NA18571	NA18571	CHB	EAS	female	unrel	1kGP
NA18577	NA18577	CHB	EAS	female	unrel	1kGP
NA18579	NA18579	CHB	EAS	female	unrel	1kGP
NA18591	NA18591	CHB	EAS	female	unrel	1kGP
NA18592	NA18592	CHB	EAS	female	unrel	1kGP
NA18595	NA18595	CHB	EAS	female	unrel	1kGP
NA18599	NA18599	CHB	EAS	female	unrel	1kGP
NA18603	NA18603	CHB	EAS	male	unrel	1kGP
NA18605	NA18605	CHB	EAS	male	unrel	1kGP
NA18612	NA18612	CHB	EAS	male	unrel	1kGP
NA18616	NA18616	CHB	EAS	female	unrel	1kGP
NA18621	NA18621	CHB	EAS	male	unrel	1kGP
NA18623	NA18623	CHB	EAS	male	unrel	1kGP
NA18625	NA18625	CHB	EAS	female	unrel	1kGP
NA18632	NA18632	CHB	EAS	male	unrel	1kGP
NA18637	NA18637	CHB	EAS	male	unrel	1kGP
NA18639	NA18639	CHB	EAS	male	unrel	1kGP
NA18642	NA18642	CHB	EAS	female	unrel	1kGP
NA18853	Y018	YRI	AFR	male	father	1kGP
NA18867	Y007	YRI	AFR	female	mother	1kGP
NA18868	Y007	YRI	AFR	male	father	1kGP
NA18873	Y019	YRI	AFR	female	mother	1kGP
NA18874	Y019	YRI	AFR	male	father	1kGP
NA18912	Y028	YRI	AFR	female	mother	1kGP
NA18940	NA18940	JPT	EAS	male	unrel	1kGP
NA18941	NA18941	JPT	EAS	female	unrel	1kGP
NA18942	NA18942	JPT	EAS	female	unrel	1kGP
NA18944	NA18944	JPT	EAS	male	unrel	1kGP
NA18946	NA18946	JPT	EAS	female	unrel	1kGP
NA18947	NA18947	JPT	EAS	female	unrel	1kGP
NA18953	NA18953	JPT	EAS	male	unrel	1kGP
NA18956	NA18956	JPT	EAS	female	unrel	1kGP
NA18960	NA18960	JPT	EAS	male	unrel	1kGP
NA18965	NA18965	JPT	EAS	male	unrel	1kGP
NA18966	NA18966	JPT	EAS	male	unrel	1kGP
NA18968	NA18968	JPT	EAS	female	unrel	1kGP
NA18969	NA18969	JPT	EAS	female	unrel	1kGP
NA18971	NA18971	JPT	EAS	male	unrel	1kGP
NA18972	NA18972	JPT	EAS	female	unrel	1kGP
NA18974	NA18974	JPT	EAS	male	unrel	1kGP
NA18977	NA18977	JPT	EAS	male	unrel	1kGP
NA18980	NA18980	JPT	EAS	female	unrel	1kGP
NA18981	NA18981	JPT	EAS	female	unrel	1kGP
NA18983	NA18983	JPT	EAS	male	unrel	1kGP
NA18988	NA18988	JPT	EAS	male	unrel	1kGP
NA18989	NA18989	JPT	EAS	male	unrel	1kGP
NA19001	NA19001	JPT	EAS	female	unrel	1kGP
NA19003	NA19003	JPT	EAS	female	unrel	1kGP
NA19011	NA19011	JPT	EAS	female	unrel	1kGP
NA19012	NA19012	JPT	EAS	male	unrel	1kGP
NA19017	NA19017	LWK	AFR	female	unrel	1kGP
NA19019	NA19019	LWK	AFR	female	unrel	1kGP
NA19024	NA19024	LWK	AFR	female	unrel	1kGP
NA19027	NA19027	LWK	AFR	male	unrel	1kGP
NA19028	NA19028	LWK	AFR	male	unrel	1kGP
NA19031	NA19031	LWK	AFR	male	unrel	1kGP
NA19037	NA19037	LWK	AFR	female	unrel	1kGP
NA19043	NA19043	LWK	AFR	male	unrel	1kGP
NA19055	NA19055	JPT	EAS	male	unrel	1kGP
NA19059	NA19059	JPT	EAS	female	unrel	1kGP
NA19068	NA19068	JPT	EAS	male	unrel	1kGP
NA19070	NA19070	JPT	EAS	male	unrel	1kGP
NA19080	NA19080	JPT	EAS	female	unrel	1kGP
NA19086	NA19086	JPT	EAS	male	unrel	1kGP
NA19096	Y041	YRI	AFR	male	father	1kGP
NA19113	Y079	YRI	AFR	male	father	1kGP
NA19114	Y079	YRI	AFR	female	mother	1kGP
NA19118	Y100	YRI	AFR	female	mother	1kGP
NA19119	Y060	YRI	AFR	male	father	1kGP
NA19129	Y077	YRI	AFR	female	child	1kGP
NA19137	Y043	YRI	AFR	female	mother	1kGP
NA19144	Y074	YRI	AFR	male	father	1kGP
NA19146	Y075	YRI	AFR	male	father	1kGP
NA19147	Y075	YRI	AFR	female	mother	1kGP
NA19153	Y072	YRI	AFR	male	father	1kGP
NA19189	Y111	YRI	AFR	male	father	1kGP
NA19197	Y035	YRI	AFR	female	mother	1kGP
NA19207	Y051	YRI	AFR	male	father	1kGP
NA19238	Y117	YRI	AFR	female	mother	1kGP
NA19307	NA19307	LWK	AFR	male	unrel	1kGP
NA19310	NA19310	LWK	AFR	female	unrel	1kGP
NA19315	NA19315	LWK	AFR	female	unrel	1kGP
NA19319	NA19319	LWK	AFR	male	unrel	1kGP
NA19327	NA19327	LWK	AFR	female	unrel	1kGP
NA19328	NA19328	LWK	AFR	female	unrel	1kGP
NA19331	LWK001	LWK	AFR	male	unrel	1kGP
NA19338	NA19338	LWK	AFR	female	unrel	1kGP
NA19347	NA19347	LWK	AFR	male	unrel	1kGP
NA19350	NA19350	LWK	AFR	male	unrel	1kGP
NA19351	NA19351	LWK	AFR	female	unrel	1kGP
NA19355	NA19355	LWK	AFR	female	unrel	1kGP
NA19383	NA19383	LWK	AFR	male	unrel	1kGP
NA19385	NA19385	LWK	AFR	male	unrel	1kGP
NA19391	NA19391	LWK	AFR	female	unrel	1kGP
NA19393	NA19393	LWK	AFR	male	unrel	1kGP
NA19397	NA19397	LWK	AFR	male	unrel	1kGP
NA19399	NA19399	LWK	AFR	female	unrel	1kGP
NA19403	NA19403	LWK	AFR	female	unrel	1kGP
NA19439	NA19439	LWK	AFR	female	unrel	1kGP
NA19449	NA19449	LWK	AFR	female	unrel	1kGP
NA19463	NA19463	LWK	AFR	female	unrel	1kGP
NA19472	NA19472	LWK	AFR	female	unrel	1kGP
NA19651	m005	MXL	AMR	female	mother	1kGP
NA19652	m005	MXL	AMR	male	father	1kGP
NA19654	m006	MXL	AMR	female	mother	1kGP
NA19655	m006	MXL	AMR	male	father	1kGP
NA19657	m007	MXL	AMR	female	mother	1kGP
NA19658	m007	MXL	AMR	male	father	1kGP
NA19661	m008	MXL	AMR	male	father	1kGP
NA19663	m012	MXL	AMR	female	mother	1kGP
NA19664	m012	MXL	AMR	male	father	1kGP
NA19669	m002	MXL	AMR	female	mother	1kGP
NA19676	m004	MXL	AMR	male	father	1kGP
NA19679	m009	MXL	AMR	male	father	1kGP
NA19700	2367	ASW	AFR	male	father	1kGP
NA19701	2367	ASW	AFR	female	mother	1kGP
NA19703	2368	ASW	AFR	male	father	1kGP
NA19707	2369	ASW	AFR	female	mother	1kGP
NA19711	2371	ASW	AFR	male	father	1kGP
NA19717	m014	MXL	AMR	male	father	1kGP
NA19720	m015	MXL	AMR	male	father	1kGP
NA19723	m016	MXL	AMR	male	father	1kGP
NA19728	m018	MXL	AMR	female	mother	1kGP
NA19729	m018	MXL	AMR	male	father	1kGP
NA19734	2393	MXL	AMR	female	mother	1kGP
NA19735	2393	MXL	AMR	male	father	1kGP
NA19740	2395	MXL	AMR	female	mother	1kGP
NA19747	m023	MXL	AMR	male	father	1kGP
NA19749	m024	MXL	AMR	female	mother	1kGP
NA19750	m024	MXL	AMR	male	father	1kGP
NA19758	m027	MXL	AMR	female	mother	1kGP
NA19759	m027	MXL	AMR	male	father	1kGP
NA19762	m028	MXL	AMR	male	father	1kGP
NA19770	m031	MXL	AMR	female	mother	1kGP
NA19774	m033	MXL	AMR	male	father	1kGP
NA19782	m036	MXL	AMR	female	mother	1kGP
NA19786	m032	MXL	AMR	male	father	1kGP
NA19789	m037	MXL	AMR	male	father	1kGP
NA19818	2418	ASW	AFR	male	father	1kGP
NA19819	2418	ASW	AFR	female	mother	1kGP
NA19834	2424	ASW	AFR	male	father	1kGP
NA19835	2424	ASW	AFR	female	mother	1kGP
NA19900	2425	ASW	AFR	male	father	1kGP
NA19901	2425	ASW	AFR	female	mother	1kGP
NA19904	2426	ASW	AFR	male	father	1kGP
NA19908	2427	ASW	AFR	male	father	1kGP
NA19909	2427	ASW	AFR	female	mother	1kGP
NA19916	2431	ASW	AFR	male	father	1kGP
NA19921	2433	ASW	AFR	female	mother	1kGP
NA20127	2446	ASW	AFR	female	mother	1kGP
NA20276	2466	ASW	AFR	female	mother	1kGP
NA20278	2467	ASW	AFR	male	father	1kGP
NA20281	2469a	ASW	AFR	male	unrel	1kGP
NA20289	2471	ASW	AFR	female	mother	1kGP
NA20294	2474	ASW	AFR	female	mother	1kGP
NA20298	2476a	ASW	AFR	male	father	1kGP
NA20314	2479	ASW	AFR	female	mother	1kGP
NA20332	2483	ASW	AFR	female	mother	1kGP
NA20334	2484	ASW	AFR	female	mother	1kGP
NA20342	2488	ASW	AFR	male	father	1kGP
NA20346	2490	ASW	AFR	male	father	1kGP
NA20348	2491	ASW	AFR	male	father	1kGP
NA20356	2494	ASW	AFR	male	father	1kGP
NA20357	2494	ASW	AFR	female	mother	1kGP
NA20359	2495	ASW	AFR	female	mother	1kGP
NA20503	NA20503	TSI	EUR	female	unrel	1kGP
NA20504	NA20504	TSI	EUR	female	unrel	1kGP
NA20505	NA20505	TSI	EUR	female	unrel	1kGP
NA20514	NA20514	TSI	EUR	female	unrel	1kGP
NA20520	NA20520	TSI	EUR	male	unrel	1kGP
NA20525	NA20525	TSI	EUR	male	unrel	1kGP
NA20530	NA20530	TSI	EUR	female	unrel	1kGP
NA20531	NA20531	TSI	EUR	female	unrel	1kGP
NA20532	NA20532	TSI	EUR	male	unrel	1kGP
NA20534	NA20534	TSI	EUR	male	unrel	1kGP
NA20536	NA20536	TSI	EUR	male	unrel	1kGP
NA20538	NA20538	TSI	EUR	male	unrel	1kGP
NA20539	NA20539	TSI	EUR	male	unrel	1kGP
NA20540	NA20540	TSI	EUR	female	unrel	1kGP
NA20585	NA20585	TSI	EUR	female	unrel	1kGP
NA20587	NA20587	TSI	EUR	female	unrel	1kGP
NA20588	NA20588	TSI	EUR	male	unrel	1kGP
NA20753	NA20753	TSI	EUR	female	unrel	1kGP
NA20757	NA20757	TSI	EUR	female	unrel	1kGP
NA20761	NA20761	TSI	EUR	female	unrel	1kGP
NA20762	NA20762	TSI	EUR	male	unrel	1kGP
NA20764	NA20764	TSI	EUR	female	unrel	1kGP
NA20769	NA20769	TSI	EUR	female	unrel	1kGP
NA20775	NA20775	TSI	EUR	female	unrel	1kGP
NA20778	NA20778	TSI	EUR	male	unrel	1kGP
NA20785	NA20785	TSI	EUR	male	unrel	1kGP
NA20787	NA20787	TSI	EUR	male	unrel	1kGP
NA20795	NA20795	TSI	EUR	female	unrel	1kGP
NA20801	NA20801	TSI	EUR	male	unrel	1kGP
NA20805	NA20805	TSI	EUR	male	unrel	1kGP
NA20810	NA20810	TSI	EUR	male	unrel	1kGP
NA20813	NA20813	TSI	EUR	female	unrel	1kGP
NA20822	NA20822	TSI	EUR	female	unrel	1kGP
NA20846	NA20846	GIH	SAS	male	unrel	1kGP
NA20847	NA20847	GIH	SAS	female	unrel	1kGP
NA20852	NA20852	GIH	SAS	male	unrel	1kGP
NA20853	NA20853	GIH	SAS	female	unrel	1kGP
NA20858	NA20858	GIH	SAS	male	unrel	1kGP
NA20861	NA20861	GIH	SAS	male	unrel	1kGP
NA20863	NA20863	GIH	SAS	male	unrel	1kGP
NA20866	NA20866	GIH	SAS	male	unrel	1kGP
NA20867	NA20867	GIH	SAS	male	unrel	1kGP
NA20876	NA20876	GIH	SAS	female	unrel	1kGP
NA20885	NA20885	GIH	SAS	male	unrel	1kGP
NA20888	NA20888	GIH	SAS	female	unrel	1kGP
NA20890	NA20890	GIH	SAS	male	unrel	1kGP
NA20896	NA20896	GIH	SAS	female	unrel	1kGP
NA20899	NA20899	GIH	SAS	female	unrel	1kGP
NA20900	NA20900	GIH	SAS	female	unrel	1kGP
NA20901	NA20901	GIH	SAS	male	unrel	1kGP
NA21098	NA21098	GIH	SAS	male	unrel	1kGP
NA21099	NA21099	GIH	SAS	male	unrel	1kGP
NA21101	NA21101	GIH	SAS	female	unrel	1kGP
NA21102	NA21102	GIH	SAS	female	unrel	1kGP
NA21103	NA21103	GIH	SAS	female	unrel	1kGP
NA21110	NA21110	GIH	SAS	female	unrel	1kGP
NA21111	NA21111	GIH	SAS	male	unrel	1kGP
NA21113	NA21113	GIH	SAS	male	unrel	1kGP
NA21114	NA21114	GIH	SAS	male	unrel	1kGP
NA21117	NA21117	GIH	SAS	male	unrel	1kGP
NA21118	NA21118	GIH	SAS	male	unrel	1kGP
NA21120	NA21120	GIH	SAS	female	unrel	1kGP
NA21124	NA21124	GIH	SAS	male	unrel	1kGP
NA21126	NA21126	GIH	SAS	male	unrel	1kGP
NA21127	NA21127	GIH	SAS	male	unrel	1kGP
NA21142	NA21142	GIH	SAS	female	unrel	1kGP
HG00418	SH006	CHS	EAS	male	father	698
HG00420	SH006	CHS	EAS	male	child	698
HG00427	SH009	CHS	EAS	male	father	698
HG00702	SH089	CHS	EAS	female	mother	698
HG01258	CLM16	CLM	AMR	male	child	698
HG01278	CLM23	CLM	AMR	female	mother	698
HG01347	CLM28	CLM	AMR	male	father	698
HG01983	PEL28	PEL	AMR	female	mother	698
HG02524	VN91	KHV	EAS	male	father	698
HG03307	NG77	ESN	AFR	male	father	698
HG03373	NG99	ESN	AFR	male	father	698
HG03582	SL73	MSL	AFR	male	father	698
HG03633	PK49	PJL	SAS	male	father	698
HG03639	PK51	PJL	SAS	male	father	698
HG03650	PK52	PJL	SAS	female	mother	698
HG03721	IT003	ITU	SAS	female	mother	698
HG03761	PK63	PJL	SAS	male	father	698
HG03794	BD15	BEB	SAS	male	father	698
HG03797	BD16	BEB	SAS	male	father	698
HG03816	BD22	BEB	SAS	female	child	698
HG03904	BD30	BEB	SAS	female	mother	698
HG03929	BD38	BEB	SAS	male	father	698
HG04132	BD44	BEB	SAS	female	mother	698
HG04147	BD49	BEB	SAS	female	mother	698
HG04149	BD50	BEB	SAS	male	father	698
HG04191	BD64	BEB	SAS	male	father	698
HG04192	BD64	BEB	SAS	female	mother	698
NA07014	13292	CEU	EUR	female	mother	698
NA07019	1340	CEU	EUR	female	mother	698
NA07348	1345	CEU	EUR	female	mother	698
NA10835	1416	CEU	EUR	male	father	698
NA10839	1420	CEU	EUR	female	mother	698
NA10842	1423	CEU	EUR	male	father	698
NA10843	1423	CEU	EUR	female	mother	698
NA10852	1346	CEU	EUR	female	mother	698
NA10856	1350	CEU	EUR	male	father	698
NA10857	1346	CEU	EUR	male	father	698
NA10859	1347	CEU	EUR	female	mother	698
NA10861	1362	CEU	EUR	female	mother	698
NA12335	1330	CEU	EUR	male	father	698
NA12336	1330	CEU	EUR	female	mother	698
NA12376	1353	CEU	EUR	female	mother	698
NA12386	1354	CEU	EUR	female	mother	698
NA12766	1451	CEU	EUR	male	father	698
NA12801	1454	CEU	EUR	male	father	698
NA12802	1454	CEU	EUR	female	mother	698
NA12877	1463	CEU	EUR	male	ceph	698
NA12891	1463	CEU	EUR	male	ceph	698
NA12892	1463	CEU	EUR	female	ceph	698
NA18859	Y012	YRI	AFR	male	father	698
NA18862	Y024	YRI	AFR	male	father	698
NA18913	Y028	YRI	AFR	male	father	698
NA19101	Y042	YRI	AFR	male	father	698
NA19122	Y061	YRI	AFR	female	mother	698
NA19127	Y077	YRI	AFR	female	mother	698
NA19128	Y077	YRI	AFR	male	father	698
NA19660	m008	MXL	AMR	female	mother	698
NA19675	m004	MXL	AMR	female	mother	698
NA19828	2418	ASW	AFR	male	child	698
